,出现次数,标签占比,标签召回率,标签查准率,品类,品类占比,品类召回率,品类查准率,机审是否支持,是否fordeal关注,统计时间段
accept,104159.0,0.9715690206796198,0.9054,0.9844,accept,0.9715690206796198,0.9054,0.9844,否,否,2022-04-25~2022-05-09
禁销,354.0,0.0033020231887843144,0.2938,0.2097,马克杯,0.0034792504220806475,0.27883431635388745,0.1990182305630027,否,否,2022-04-25~2022-05-09
禁销,214.0,0.001996138311863964,0.5093,0.3159,短袖T恤,0.002024121559226543,0.5022589861751152,0.31153271889400924,否,否,2022-04-25~2022-05-09
禁销,130.0,0.0012126073857117539,0.1,0.1831,时尚/休闲套装,0.0012126073857117539,0.1,0.1831,否,否,2022-04-25~2022-05-09
禁销,95.0,0.0008861361664816663,0.7368,0.4516,比基尼,0.0008861361664816663,0.7368,0.4516,否,否,2022-04-25~2022-05-09
禁销,91.0,0.0008488251699982277,0.4176,0.3762,其它节庆用品,0.0008488251699982277,0.4176,0.3762,否,否,2022-04-25~2022-05-09
禁销,82.0,0.0007648754279104909,0.8902,0.2441,分体泳衣,0.0007648754279104909,0.8902,0.2441,否,否,2022-04-25~2022-05-09
禁销,76.0,0.000708908933185333,0.5921,0.4545,现代装饰画,0.0007182366823061927,0.5844103896103895,0.44859740259740255,否,否,2022-04-25~2022-05-09
禁销,76.0,0.000708908933185333,0.6579,0.104,S型连衣裙,0.000708908933185333,0.6579,0.104,否,否,2022-04-25~2022-05-09
禁销,69.0,0.0006436146893393155,0.6232,0.1503,欧美模特套装,0.0006436146893393155,0.6232,0.1503,否,否,2022-04-25~2022-05-09
禁销,65.0,0.0006063036928558769,0.4462,0.145,A型连衣裙,0.0006063036928558769,0.4462,0.145,否,否,2022-04-25~2022-05-09
禁销,59.0,0.0005503371981307191,0.8305,0.3828,潜水套装,0.0005503371981307191,0.8305,0.3828,否,否,2022-04-25~2022-05-09
禁销,57.0,0.0005316816998889998,0.8947,0.2772,男士内裤,0.0005316816998889998,0.8947,0.2772,否,否,2022-04-25~2022-05-09
禁销,47.0,0.00043840420868040335,0.2766,0.2708,休闲皮鞋,0.00043840420868040335,0.2766,0.2708,否,否,2022-04-25~2022-05-09
禁销,42.0,0.0003917654630761051,0.5,0.0677,戒指/指环,0.0003917654630761051,0.5,0.0677,否,否,2022-04-25~2022-05-09
禁销,40.0,0.00037310996483438583,0.2,0.2581,其它日用家电,0.00041974871043868407,0.2,0.2323444444444444,否,否,2022-04-25~2022-05-09
禁销,38.0,0.0003544544665926665,0.7632,0.0746,项链,0.0003824377139552454,0.7073560975609756,0.06914146341463415,否,否,2022-04-25~2022-05-09
禁销,36.0,0.0003357989683509472,0.1111,0.3636,钢笔,0.0003357989683509472,0.1111,0.3636,否,否,2022-04-25~2022-05-09
禁销,35.0,0.0003264712192300876,0.5143,0.6207,裹裙/披纱,0.0003264712192300876,0.5143,0.6207,否,否,2022-04-25~2022-05-09
禁销,34.0,0.00031714347010922795,0.7059,0.1067,礼服/晚装,0.00031714347010922795,0.7059,0.1067,否,否,2022-04-25~2022-05-09
禁销,32.0,0.0002984879718675087,0.8125,0.963,男式情趣内裤,0.0002984879718675087,0.8125,0.963,否,否,2022-04-25~2022-05-09
禁销,32.0,0.0002984879718675087,0.7812,0.9259,女士情趣睡衣,0.0002984879718675087,0.7812,0.9259,否,否,2022-04-25~2022-05-09
禁销,29.0,0.0002705047245049297,0.931,0.3506,女士内裤,0.0002705047245049297,0.931,0.3506,否,否,2022-04-25~2022-05-09
禁销,26.0,0.00024252147714235077,0.7692,0.303,衬衫,0.00024252147714235077,0.7692,0.303,否,否,2022-04-25~2022-05-09
禁销,26.0,0.00024252147714235077,0.3077,0.3478,其它,0.00024252147714235077,0.3077,0.3478,否,否,2022-04-25~2022-05-09
禁销,26.0,0.00024252147714235077,0.2692,0.068,斜挎小包,0.00024252147714235077,0.2692,0.068,否,否,2022-04-25~2022-05-09
禁销,25.0,0.00023319372802149113,0.56,0.1647,石英表,0.00023319372802149113,0.56,0.1647,否,否,2022-04-25~2022-05-09
违禁,23.0,0.00021453822977977185,0.0,0.0,靴子,0.0002984879718675087,0.06249374999999999,0.012796874999999997,否,否,2022-04-25~2022-05-09
禁销,22.0,0.0002052104806589122,0.8182,0.1463,手链,0.00021453822977977183,0.7826260869565218,0.13993913043478262,否,否,2022-04-25~2022-05-09
禁销,21.0,0.00019588273153805255,0.1429,0.1304,短袖衬衫,0.00019588273153805255,0.1429,0.1304,否,否,2022-04-25~2022-05-09
禁销,21.0,0.00019588273153805255,0.0952,0.0556,苹果手机保护壳/套,0.00023319372802149113,0.079968,0.046703999999999996,否,否,2022-04-25~2022-05-09
禁销,19.0,0.00017722723329633325,0.3684,0.3043,电子表,0.00017722723329633325,0.3684,0.3043,否,否,2022-04-25~2022-05-09
禁销,19.0,0.00017722723329633325,0.5789,0.3438,连体泳衣,0.00017722723329633325,0.5789,0.3438,否,否,2022-04-25~2022-05-09
禁销,19.0,0.00017722723329633325,0.4737,0.4091,挂毯/壁毯,0.00017722723329633325,0.4737,0.4091,否,否,2022-04-25~2022-05-09
禁销,19.0,0.00017722723329633325,0.9474,1.0,女式情趣内裤,0.00017722723329633325,0.9474,1.0,否,否,2022-04-25~2022-05-09
禁销,18.0,0.0001678994841754736,0.8889,0.2909,半身裙,0.0001678994841754736,0.8889,0.2909,否,否,2022-04-25~2022-05-09
禁销,16.0,0.00014924398593375434,0.25,0.4,智能手表,0.00014924398593375434,0.25,0.4,否,否,2022-04-25~2022-05-09
禁销,16.0,0.00014924398593375434,0.9375,0.6,身部链,0.00014924398593375434,0.9375,0.6,否,否,2022-04-25~2022-05-09
禁销,15.0,0.00013991623681289467,0.7333,0.1183,其他连衣裙,0.00013991623681289467,0.7333,0.1183,否,否,2022-04-25~2022-05-09
禁销,15.0,0.00013991623681289467,0.3333,0.1,套装（不包含爬服类）,0.00013991623681289467,0.3333,0.1,否,否,2022-04-25~2022-05-09
禁销,15.0,0.00013991623681289467,0.3333,0.2,正装皮鞋,0.00013991623681289467,0.3333,0.2,否,否,2022-04-25~2022-05-09
禁销,15.0,0.00013991623681289467,1.0,0.1064,耳环,0.00013991623681289467,1.0,0.1064,否,否,2022-04-25~2022-05-09
禁销,14.0,0.00013058848769203503,0.4286,1.0,其他用品,0.00013058848769203503,0.4286,1.0,否,否,2022-04-25~2022-05-09
禁销,14.0,0.00013058848769203503,0.8571,0.2927,小夜灯,0.00013058848769203503,0.8571,0.2927,否,否,2022-04-25~2022-05-09
禁销,14.0,0.00013058848769203503,0.4286,0.24,缝纫配件,0.00013058848769203503,0.4286,0.24,否,否,2022-04-25~2022-05-09
禁销,14.0,0.00013058848769203503,0.7143,0.4167,纹身贴,0.00013058848769203503,0.7143,0.4167,否,否,2022-04-25~2022-05-09
禁销,14.0,0.00013058848769203503,0.1429,0.1667,野餐炉具,0.00013058848769203503,0.1429,0.1667,否,否,2022-04-25~2022-05-09
禁销,13.0,0.00012126073857117538,0.6923,0.1364,拎包/手提包,0.00012126073857117538,0.6923,0.1364,否,否,2022-04-25~2022-05-09
禁销,12.0,0.00011193298945031575,0.1667,0.3333,贴纸/贴画,0.00011193298945031575,0.1667,0.3333,否,否,2022-04-25~2022-05-09
禁销,12.0,0.00011193298945031575,0.5,0.2857,男士背包,0.00013058848769203503,0.4285714285714286,0.24488571428571432,否,否,2022-04-25~2022-05-09
禁销,12.0,0.00011193298945031575,0.75,0.8182,其他DIY饰品配件,0.00011193298945031575,0.75,0.8182,否,否,2022-04-25~2022-05-09
禁销,12.0,0.00011193298945031575,0.1667,0.3333,桌布/桌旗/桌椅套/椅垫,0.00011193298945031575,0.1667,0.3333,否,否,2022-04-25~2022-05-09
禁销,11.0,0.0001026052403294561,0.5455,0.033,X型连衣裙,0.0001026052403294561,0.5455,0.033,否,否,2022-04-25~2022-05-09
禁销,10.0,9.327749120859646e-05,0.2,0.0317,休闲鞋,0.00010260524032945611,0.18181818181818182,0.028818181818181816,否,否,2022-04-25~2022-05-09
禁销,10.0,9.327749120859646e-05,0.4,0.1143,牛仔长裤,9.327749120859646e-05,0.4,0.1143,否,否,2022-04-25~2022-05-09
禁销,10.0,9.327749120859646e-05,0.7,0.2,其它手办,0.0001212607385711754,0.5384615384615383,0.15384615384615385,否,否,2022-04-25~2022-05-09
禁销,10.0,9.327749120859646e-05,0.2,0.0317,H型连衣裙,9.327749120859646e-05,0.2,0.0317,否,否,2022-04-25~2022-05-09
禁销,9.0,8.39497420877368e-05,1.0,0.4286,连身衣/爬服/哈衣,8.39497420877368e-05,1.0,0.4286,否,否,2022-04-25~2022-05-09
禁销,9.0,8.39497420877368e-05,0.2222,0.0455,靴子,0.0002984879718675087,0.06249374999999999,0.012796874999999997,否,否,2022-04-25~2022-05-09
禁销,9.0,8.39497420877368e-05,0.4444,0.5714,气球,8.39497420877368e-05,0.4444,0.5714,否,否,2022-04-25~2022-05-09
禁销,9.0,8.39497420877368e-05,0.4444,0.4444,更多日用品,8.39497420877368e-05,0.4444,0.4444,否,否,2022-04-25~2022-05-09
禁销,9.0,8.39497420877368e-05,0.1111,1.0,其他男用,8.39497420877368e-05,0.1111,1.0,否,否,2022-04-25~2022-05-09
禁销,9.0,8.39497420877368e-05,0.4444,0.0292,休闲短裤,8.39497420877368e-05,0.4444,0.0292,否,否,2022-04-25~2022-05-09
禁销,9.0,8.39497420877368e-05,0.4444,0.1739,休闲裤,8.39497420877368e-05,0.4444,0.1739,否,否,2022-04-25~2022-05-09
禁销,8.0,7.462199296687717e-05,0.375,0.1304,浴室用品配件,7.462199296687717e-05,0.375,0.1304,否,否,2022-04-25~2022-05-09
禁销,8.0,7.462199296687717e-05,0.0,0.0,休闲长裤,7.462199296687717e-05,0.0,0.0,否,否,2022-04-25~2022-05-09
禁销,8.0,7.462199296687717e-05,0.0,0.0,宣传单/海报/说明书,7.462199296687717e-05,0.0,0.0,否,否,2022-04-25~2022-05-09
禁销,8.0,7.462199296687717e-05,0.5,0.5714,身体乳/霜,7.462199296687717e-05,0.5,0.5714,否,否,2022-04-25~2022-05-09
禁销,8.0,7.462199296687717e-05,0.5,0.4444,T恤,7.462199296687717e-05,0.5,0.4444,否,否,2022-04-25~2022-05-09
禁销,8.0,7.462199296687717e-05,0.125,0.0312,男运动中长裤、短裤,7.462199296687717e-05,0.125,0.0312,否,否,2022-04-25~2022-05-09
涉政,8.0,7.462199296687717e-05,0.0,0.0,马克杯,0.0034792504220806475,0.27883431635388745,0.1990182305630027,否,否,2022-04-25~2022-05-09
禁销,8.0,7.462199296687717e-05,0.375,0.1034,床品套件/四件套/多件套,7.462199296687717e-05,0.375,0.1034,否,否,2022-04-25~2022-05-09
禁销,8.0,7.462199296687717e-05,0.5,0.0769,单肩包,7.462199296687717e-05,0.5,0.0769,否,否,2022-04-25~2022-05-09
禁销,8.0,7.462199296687717e-05,0.0,0.0,女士背包,7.462199296687717e-05,0.0,0.0,否,否,2022-04-25~2022-05-09
禁销,8.0,7.462199296687717e-05,0.75,0.0652,时尚拖鞋,7.462199296687717e-05,0.75,0.0652,否,否,2022-04-25~2022-05-09
禁销,7.0,6.529424384601752e-05,0.2857,0.1538,其他手机保护壳/套,6.529424384601752e-05,0.2857,0.1538,否,否,2022-04-25~2022-05-09
禁销,7.0,6.529424384601752e-05,0.5714,0.1739,摆件,9.327749120859646e-05,0.59998,0.16616999999999998,否,否,2022-04-25~2022-05-09
禁销,7.0,6.529424384601752e-05,0.2857,0.0769,长袖衬衫,6.529424384601752e-05,0.2857,0.0769,否,否,2022-04-25~2022-05-09
禁销,7.0,6.529424384601752e-05,0.1429,0.0769,手拿包,6.529424384601752e-05,0.1429,0.0769,否,否,2022-04-25~2022-05-09
禁销,7.0,6.529424384601752e-05,1.0,1.0,情趣文胸套装,6.529424384601752e-05,1.0,1.0,否,否,2022-04-25~2022-05-09
禁销,7.0,6.529424384601752e-05,0.7143,0.0781,连体长裤,6.529424384601752e-05,0.7143,0.0781,否,否,2022-04-25~2022-05-09
禁销,7.0,6.529424384601752e-05,0.7143,0.098,凉鞋,6.529424384601752e-05,0.7143,0.098,否,否,2022-04-25~2022-05-09
禁销,6.0,5.596649472515787e-05,0.6667,0.4444,男士运动背心,5.596649472515787e-05,0.6667,0.4444,否,否,2022-04-25~2022-05-09
禁销,6.0,5.596649472515787e-05,0.0,0.0,无檐帽,7.462199296687717e-05,0.0,0.0,否,否,2022-04-25~2022-05-09
禁销,6.0,5.596649472515787e-05,0.6667,0.1667,睡裙,5.596649472515787e-05,0.6667,0.1667,否,否,2022-04-25~2022-05-09
禁销,6.0,5.596649472515787e-05,0.5,0.0536,女士上衣,5.596649472515787e-05,0.5,0.0536,否,否,2022-04-25~2022-05-09
违禁,6.0,5.596649472515787e-05,0.0,0.0,马克杯,0.0034792504220806475,0.27883431635388745,0.1990182305630027,否,否,2022-04-25~2022-05-09
禁销,6.0,5.596649472515787e-05,0.5,0.6,瘦身贴/暖宫贴,5.596649472515787e-05,0.5,0.6,否,否,2022-04-25~2022-05-09
禁销,6.0,5.596649472515787e-05,0.6667,0.08,女士睡衣/家居服套装,5.596649472515787e-05,0.6667,0.08,否,否,2022-04-25~2022-05-09
禁销,6.0,5.596649472515787e-05,0.0,0.0,女装卫衣,5.596649472515787e-05,0.0,0.0,否,否,2022-04-25~2022-05-09
禁销,6.0,5.596649472515787e-05,0.6667,0.1333,机械表,5.596649472515787e-05,0.6667,0.1333,否,否,2022-04-25~2022-05-09
禁销,6.0,5.596649472515787e-05,0.6667,0.2,项坠/吊坠,6.529424384601752e-05,0.5714571428571429,0.17142857142857146,否,否,2022-04-25~2022-05-09
禁销,6.0,5.596649472515787e-05,0.8333,0.625,鼠标垫/贴/腕垫,5.596649472515787e-05,0.8333,0.625,否,否,2022-04-25~2022-05-09
禁销,6.0,5.596649472515787e-05,0.5,1.0,酒架,5.596649472515787e-05,0.5,1.0,否,否,2022-04-25~2022-05-09
禁销,6.0,5.596649472515787e-05,0.8333,1.0,情趣丝袜,5.596649472515787e-05,0.8333,1.0,否,否,2022-04-25~2022-05-09
禁销,5.0,4.663874560429823e-05,0.0,0.0,儿童演出服,4.663874560429823e-05,0.0,0.0,否,否,2022-04-25~2022-05-09
违禁,5.0,4.663874560429823e-05,0.2,0.0263,其它日用家电,0.00041974871043868407,0.2,0.2323444444444444,否,否,2022-04-25~2022-05-09
禁销,5.0,4.663874560429823e-05,0.8,0.1379,整顶假发,4.663874560429823e-05,0.8,0.1379,否,否,2022-04-25~2022-05-09
禁销,5.0,4.663874560429823e-05,0.2,1.0,男连体衣裤,4.663874560429823e-05,0.2,1.0,否,否,2022-04-25~2022-05-09
禁销,5.0,4.663874560429823e-05,0.0,0.0,贴纸,4.663874560429823e-05,0.0,0.0,否,否,2022-04-25~2022-05-09
禁销,5.0,4.663874560429823e-05,1.0,0.2083,文胸套装,4.663874560429823e-05,1.0,0.2083,否,否,2022-04-25~2022-05-09
禁销,5.0,4.663874560429823e-05,1.0,0.1136,男式板鞋,4.663874560429823e-05,1.0,0.1136,否,否,2022-04-25~2022-05-09
侵权,5.0,4.663874560429823e-05,0.0,0.0,马克杯,0.0034792504220806475,0.27883431635388745,0.1990182305630027,否,否,2022-04-25~2022-05-09
禁销,5.0,4.663874560429823e-05,0.8,0.093,鸭舌帽,6.529424384601752e-05,0.5714285714285715,0.06642857142857143,否,否,2022-04-25~2022-05-09
禁销,5.0,4.663874560429823e-05,1.0,0.119,连体短裤,4.663874560429823e-05,1.0,0.119,否,否,2022-04-25~2022-05-09
禁销,5.0,4.663874560429823e-05,0.2,0.3333,旅行袋,4.663874560429823e-05,0.2,0.3333,否,否,2022-04-25~2022-05-09
禁销,5.0,4.663874560429823e-05,0.8,1.0,丰胸精油,4.663874560429823e-05,0.8,1.0,否,否,2022-04-25~2022-05-09
禁销,5.0,4.663874560429823e-05,0.0,0.0,溜冰鞋/旱冰鞋,4.663874560429823e-05,0.0,0.0,否,否,2022-04-25~2022-05-09
禁销,5.0,4.663874560429823e-05,1.0,0.0694,耳钉,4.663874560429823e-05,1.0,0.0694,否,否,2022-04-25~2022-05-09
禁销,5.0,4.663874560429823e-05,0.6,0.2308,夹克/外套,5.596649472515787e-05,0.5,0.19233333333333336,否,否,2022-04-25~2022-05-09
禁销,5.0,4.663874560429823e-05,1.0,0.2083,女士塑身美体裤,4.663874560429823e-05,1.0,0.2083,否,否,2022-04-25~2022-05-09
禁销,5.0,4.663874560429823e-05,0.6,0.75,丝袜,4.663874560429823e-05,0.6,0.75,否,否,2022-04-25~2022-05-09
禁销,4.0,3.7310996483438584e-05,1.0,0.3077,运动鞋,3.7310996483438584e-05,1.0,0.3077,否,否,2022-04-25~2022-05-09
禁销,4.0,3.7310996483438584e-05,0.25,0.0417,连衣裙,4.663874560429823e-05,0.2,0.03336,否,否,2022-04-25~2022-05-09
禁销,4.0,3.7310996483438584e-05,0.75,0.3,丰胸乳霜,3.7310996483438584e-05,0.75,0.3,否,否,2022-04-25~2022-05-09
禁销,4.0,3.7310996483438584e-05,0.5,0.1111,其他收纳包,3.7310996483438584e-05,0.5,0.1111,否,否,2022-04-25~2022-05-09
禁销,4.0,3.7310996483438584e-05,0.75,0.12,男士泳衣,3.7310996483438584e-05,0.75,0.12,否,否,2022-04-25~2022-05-09
禁销,4.0,3.7310996483438584e-05,0.75,0.0405,外穿背心/吊带,3.7310996483438584e-05,0.75,0.0405,否,否,2022-04-25~2022-05-09
侵权,4.0,3.7310996483438584e-05,0.0,0.0,苹果手机保护壳/套,0.00023319372802149113,0.079968,0.046703999999999996,否,否,2022-04-25~2022-05-09
禁销,4.0,3.7310996483438584e-05,0.75,0.1875,钥匙扣,3.7310996483438584e-05,0.75,0.1875,否,否,2022-04-25~2022-05-09
禁销,4.0,3.7310996483438584e-05,0.5,0.6667,笔记本个性小贴纸,4.663874560429823e-05,0.4,0.53336,否,否,2022-04-25~2022-05-09
禁销,4.0,3.7310996483438584e-05,0.0,0.0,手机电池,3.7310996483438584e-05,0.0,0.0,否,否,2022-04-25~2022-05-09
禁销,4.0,3.7310996483438584e-05,0.75,0.4286,手提包,3.7310996483438584e-05,0.75,0.4286,否,否,2022-04-25~2022-05-09
禁销,4.0,3.7310996483438584e-05,0.25,0.0556,高跟鞋,3.7310996483438584e-05,0.25,0.0556,否,否,2022-04-25~2022-05-09
禁销,4.0,3.7310996483438584e-05,0.5,1.0,其它骑士装备,3.7310996483438584e-05,0.5,1.0,否,否,2022-04-25~2022-05-09
禁销,4.0,3.7310996483438584e-05,1.0,1.0,玻璃杯,3.7310996483438584e-05,1.0,1.0,否,否,2022-04-25~2022-05-09
禁销,3.0,2.7983247362578937e-05,0.6667,0.125,发夹,2.7983247362578937e-05,0.6667,0.125,否,否,2022-04-25~2022-05-09
禁销,3.0,2.7983247362578937e-05,0.3333,0.5,Cosplay男装,2.7983247362578937e-05,0.3333,0.5,否,否,2022-04-25~2022-05-09
违禁,3.0,2.7983247362578937e-05,0.0,0.0,其它手办,0.0001212607385711754,0.5384615384615383,0.15384615384615385,否,否,2022-04-25~2022-05-09
禁销,3.0,2.7983247362578937e-05,1.0,0.5,16岁),2.7983247362578937e-05,1.0,0.5,否,否,2022-04-25~2022-05-09
禁销,3.0,2.7983247362578937e-05,1.0,0.3333,女士塑身连体衣,2.7983247362578937e-05,1.0,0.3333,否,否,2022-04-25~2022-05-09
禁销,3.0,2.7983247362578937e-05,1.0,0.6,其他保养,2.7983247362578937e-05,1.0,0.6,否,否,2022-04-25~2022-05-09
禁销,3.0,2.7983247362578937e-05,1.0,0.75,纤体霜,2.7983247362578937e-05,1.0,0.75,否,否,2022-04-25~2022-05-09
禁销,3.0,2.7983247362578937e-05,0.0,0.0,高跟凉鞋,2.7983247362578937e-05,0.0,0.0,否,否,2022-04-25~2022-05-09
禁销,3.0,2.7983247362578937e-05,0.6667,0.4,头巾/头套,2.7983247362578937e-05,0.6667,0.4,否,否,2022-04-25~2022-05-09
禁销,3.0,2.7983247362578937e-05,0.3333,0.0909,短袖Polo衫,2.7983247362578937e-05,0.3333,0.0909,否,否,2022-04-25~2022-05-09
禁销,3.0,2.7983247362578937e-05,0.6667,0.6667,桌游卡牌,2.7983247362578937e-05,0.6667,0.6667,否,否,2022-04-25~2022-05-09
禁销,3.0,2.7983247362578937e-05,0.0,0.0,U盘,2.7983247362578937e-05,0.0,0.0,否,否,2022-04-25~2022-05-09
禁销,3.0,2.7983247362578937e-05,0.0,0.0,COSPLAY配件/道具/人偶服,2.7983247362578937e-05,0.0,0.0,否,否,2022-04-25~2022-05-09
禁销,3.0,2.7983247362578937e-05,1.0,1.0,糖盒/糖盒配件,2.7983247362578937e-05,1.0,1.0,否,否,2022-04-25~2022-05-09
禁销,3.0,2.7983247362578937e-05,0.3333,0.1429,其它罩类/套类,2.7983247362578937e-05,0.3333,0.1429,否,否,2022-04-25~2022-05-09
禁销,3.0,2.7983247362578937e-05,1.0,1.0,毛巾/面巾,2.7983247362578937e-05,1.0,1.0,否,否,2022-04-25~2022-05-09
禁销,3.0,2.7983247362578937e-05,1.0,1.0,彩泥/橡皮泥,2.7983247362578937e-05,1.0,1.0,否,否,2022-04-25~2022-05-09
禁销,3.0,2.7983247362578937e-05,0.0,0.0,耳机配件,2.7983247362578937e-05,0.0,0.0,否,否,2022-04-25~2022-05-09
禁销,3.0,2.7983247362578937e-05,0.6667,0.0351,胸针,2.7983247362578937e-05,0.6667,0.0351,否,否,2022-04-25~2022-05-09
禁销,3.0,2.7983247362578937e-05,0.6667,0.5,手表礼盒,2.7983247362578937e-05,0.6667,0.5,否,否,2022-04-25~2022-05-09
违禁,3.0,2.7983247362578937e-05,0.0,0.0,项链,0.0003824377139552454,0.7073560975609756,0.06914146341463415,否,否,2022-04-25~2022-05-09
涉政,2.0,1.8655498241719292e-05,0.0,0.0,鸭舌帽,6.529424384601752e-05,0.5714285714285715,0.06642857142857143,否,否,2022-04-25~2022-05-09
违禁,2.0,1.8655498241719292e-05,1.0,0.0488,其它园艺用品,2.798324736257894e-05,0.6666666666666666,0.03253333333333333,否,否,2022-04-25~2022-05-09
违禁,2.0,1.8655498241719292e-05,0.0,0.0,登山鞋/徒步鞋,1.8655498241719292e-05,0.0,0.0,否,否,2022-04-25~2022-05-09
禁销,2.0,1.8655498241719292e-05,0.5,0.1429,家居服套装,1.8655498241719292e-05,0.5,0.1429,否,否,2022-04-25~2022-05-09
违禁,2.0,1.8655498241719292e-05,1.0,0.1053,其它工具,1.8655498241719292e-05,1.0,0.1053,否,否,2022-04-25~2022-05-09
禁销,2.0,1.8655498241719292e-05,1.0,0.1667,塑身裤,1.8655498241719292e-05,1.0,0.1667,否,否,2022-04-25~2022-05-09
禁销,2.0,1.8655498241719292e-05,1.0,0.3333,冰格/制冰袋,1.8655498241719292e-05,1.0,0.3333,否,否,2022-04-25~2022-05-09
违禁,2.0,1.8655498241719292e-05,1.0,0.2222,摆件,9.327749120859646e-05,0.59998,0.16616999999999998,否,否,2022-04-25~2022-05-09
禁销,2.0,1.8655498241719292e-05,1.0,0.4,其它身体保养,1.8655498241719292e-05,1.0,0.4,否,否,2022-04-25~2022-05-09
禁销,2.0,1.8655498241719292e-05,1.0,0.125,四件套,1.8655498241719292e-05,1.0,0.125,否,否,2022-04-25~2022-05-09
禁销,2.0,1.8655498241719292e-05,1.0,0.6667,开瓶器,1.8655498241719292e-05,1.0,0.6667,否,否,2022-04-25~2022-05-09
禁销,2.0,1.8655498241719292e-05,1.0,1.0,震动棒,1.8655498241719292e-05,1.0,1.0,否,否,2022-04-25~2022-05-09
禁销,2.0,1.8655498241719292e-05,1.0,0.5,女士睡袍/浴袍,1.8655498241719292e-05,1.0,0.5,否,否,2022-04-25~2022-05-09
禁销,2.0,1.8655498241719292e-05,1.0,1.0,平顶帽/提琴帽,1.8655498241719292e-05,1.0,1.0,否,否,2022-04-25~2022-05-09
禁销,2.0,1.8655498241719292e-05,0.5,0.1667,防晒袖套,2.798324736257894e-05,0.3333333333333333,0.11113333333333332,否,否,2022-04-25~2022-05-09
禁销,2.0,1.8655498241719292e-05,1.0,1.0,原厂烟灰缸,1.8655498241719292e-05,1.0,1.0,否,否,2022-04-25~2022-05-09
禁销,2.0,1.8655498241719292e-05,1.0,0.2222,拖鞋,1.8655498241719292e-05,1.0,0.2222,否,否,2022-04-25~2022-05-09
禁销,2.0,1.8655498241719292e-05,0.5,0.5,野餐包/户外餐具套装,2.798324736257894e-05,0.6666666666666666,0.38889999999999997,否,否,2022-04-25~2022-05-09
禁销,2.0,1.8655498241719292e-05,1.0,0.2,打底短裤,1.8655498241719292e-05,1.0,0.2,否,否,2022-04-25~2022-05-09
禁销,2.0,1.8655498241719292e-05,0.0,0.0,长袖T恤,1.8655498241719292e-05,0.0,0.0,否,否,2022-04-25~2022-05-09
禁销,2.0,1.8655498241719292e-05,0.5,1.0,护臀膏,1.8655498241719292e-05,0.5,1.0,否,否,2022-04-25~2022-05-09
侵权,2.0,1.8655498241719292e-05,0.0,0.0,短袖T恤,0.002024121559226543,0.5022589861751152,0.31153271889400924,否,否,2022-04-25~2022-05-09
禁销,2.0,1.8655498241719292e-05,1.0,0.2857,拼图/拼板,1.8655498241719292e-05,1.0,0.2857,否,否,2022-04-25~2022-05-09
禁销,2.0,1.8655498241719292e-05,0.0,0.0,中筒靴,1.8655498241719292e-05,0.0,0.0,否,否,2022-04-25~2022-05-09
禁销,2.0,1.8655498241719292e-05,1.0,0.3333,发箍,1.8655498241719292e-05,1.0,0.3333,否,否,2022-04-25~2022-05-09
禁销,2.0,1.8655498241719292e-05,1.0,0.5,按摩瘦身贴/溶脂带,1.8655498241719292e-05,1.0,0.5,否,否,2022-04-25~2022-05-09
禁销,2.0,1.8655498241719292e-05,0.0,0.0,坎肩T恤,1.8655498241719292e-05,0.0,0.0,否,否,2022-04-25~2022-05-09
禁销,2.0,1.8655498241719292e-05,0.5,1.0,酒杯,1.8655498241719292e-05,0.5,1.0,否,否,2022-04-25~2022-05-09
禁销,2.0,1.8655498241719292e-05,0.5,0.25,保温袋,1.8655498241719292e-05,0.5,0.25,否,否,2022-04-25~2022-05-09
禁销,2.0,1.8655498241719292e-05,0.5,0.0909,美容仪,1.8655498241719292e-05,0.5,0.0909,否,否,2022-04-25~2022-05-09
禁销,2.0,1.8655498241719292e-05,1.0,0.6667,车模,1.8655498241719292e-05,1.0,0.6667,否,否,2022-04-25~2022-05-09
禁销,2.0,1.8655498241719292e-05,0.0,0.0,DIY模具,2.798324736257894e-05,0.0,0.0,否,否,2022-04-25~2022-05-09
禁销,2.0,1.8655498241719292e-05,1.0,0.6667,身体彩绘,1.8655498241719292e-05,1.0,0.6667,否,否,2022-04-25~2022-05-09
禁销,2.0,1.8655498241719292e-05,0.0,0.0,普通监控摄像机,1.8655498241719292e-05,0.0,0.0,否,否,2022-04-25~2022-05-09
涉政,2.0,1.8655498241719292e-05,0.0,0.0,无檐帽,7.462199296687717e-05,0.0,0.0,否,否,2022-04-25~2022-05-09
禁销,2.0,1.8655498241719292e-05,0.5,0.3333,贺卡/明信片,1.8655498241719292e-05,0.5,0.3333,否,否,2022-04-25~2022-05-09
禁销,2.0,1.8655498241719292e-05,0.5,0.0526,牛仔短裤,1.8655498241719292e-05,0.5,0.0526,否,否,2022-04-25~2022-05-09
禁销,2.0,1.8655498241719292e-05,1.0,1.0,皮衣,1.8655498241719292e-05,1.0,1.0,否,否,2022-04-25~2022-05-09
禁销,2.0,1.8655498241719292e-05,0.5,0.1667,其他,1.8655498241719292e-05,0.5,0.1667,否,否,2022-04-25~2022-05-09
禁销,2.0,1.8655498241719292e-05,0.0,0.0,男士跑步鞋,1.8655498241719292e-05,0.0,0.0,否,否,2022-04-25~2022-05-09
禁销,2.0,1.8655498241719292e-05,0.0,0.0,乳液/面霜,1.8655498241719292e-05,0.0,0.0,否,否,2022-04-25~2022-05-09
禁销,2.0,1.8655498241719292e-05,0.0,0.0,移动电源,1.8655498241719292e-05,0.0,0.0,否,否,2022-04-25~2022-05-09
禁销,2.0,1.8655498241719292e-05,0.5,1.0,亲子装上装,1.8655498241719292e-05,0.5,1.0,否,否,2022-04-25~2022-05-09
禁销,2.0,1.8655498241719292e-05,1.0,1.0,装扮用品,1.8655498241719292e-05,1.0,1.0,否,否,2022-04-25~2022-05-09
禁销,2.0,1.8655498241719292e-05,0.0,0.0,电动/遥控车,1.8655498241719292e-05,0.0,0.0,否,否,2022-04-25~2022-05-09
禁销,2.0,1.8655498241719292e-05,0.5,0.2,袖扣,1.8655498241719292e-05,0.5,0.2,否,否,2022-04-25~2022-05-09
禁销,2.0,1.8655498241719292e-05,0.5,0.025,沙滩裤,1.8655498241719292e-05,0.5,0.025,否,否,2022-04-25~2022-05-09
禁销,2.0,1.8655498241719292e-05,0.0,0.0,腰包/胸包,1.8655498241719292e-05,0.0,0.0,否,否,2022-04-25~2022-05-09
禁销,2.0,1.8655498241719292e-05,0.0,0.0,烛台,1.8655498241719292e-05,0.0,0.0,否,否,2022-04-25~2022-05-09
禁销,2.0,1.8655498241719292e-05,1.0,0.0667,皇冠配饰,1.8655498241719292e-05,1.0,0.0667,否,否,2022-04-25~2022-05-09
涉政,2.0,1.8655498241719292e-05,0.0,0.0,男士背包,0.00013058848769203503,0.4285714285714286,0.24488571428571432,否,否,2022-04-25~2022-05-09
禁销,2.0,1.8655498241719292e-05,1.0,0.5,牛仔外套,1.8655498241719292e-05,1.0,0.5,否,否,2022-04-25~2022-05-09
禁销,2.0,1.8655498241719292e-05,1.0,0.6667,牛仔裤,1.8655498241719292e-05,1.0,0.6667,否,否,2022-04-25~2022-05-09
禁销,1.0,9.327749120859646e-06,0.0,0.0,凉拖鞋,9.327749120859646e-06,0.0,0.0,否,否,2022-04-25~2022-05-09
禁销,1.0,9.327749120859646e-06,1.0,1.0,电脑罩,9.327749120859646e-06,1.0,1.0,否,否,2022-04-25~2022-05-09
禁销,1.0,9.327749120859646e-06,0.0,0.0,冰箱磁性贴,9.327749120859646e-06,0.0,0.0,否,否,2022-04-25~2022-05-09
禁销,1.0,9.327749120859646e-06,0.0,0.0,婚庆印章,9.327749120859646e-06,0.0,0.0,否,否,2022-04-25~2022-05-09
禁销,1.0,9.327749120859646e-06,1.0,1.0,安全裤,9.327749120859646e-06,1.0,1.0,否,否,2022-04-25~2022-05-09
禁销,1.0,9.327749120859646e-06,0.0,0.0,斜挎包,9.327749120859646e-06,0.0,0.0,否,否,2022-04-25~2022-05-09
禁销,1.0,9.327749120859646e-06,1.0,1.0,无框画挂钟,9.327749120859646e-06,1.0,1.0,否,否,2022-04-25~2022-05-09
禁销,1.0,9.327749120859646e-06,1.0,0.5,其他Polo衫,9.327749120859646e-06,1.0,0.5,否,否,2022-04-25~2022-05-09
禁销,1.0,9.327749120859646e-06,0.0,0.0,牙贴,9.327749120859646e-06,0.0,0.0,否,否,2022-04-25~2022-05-09
禁销,1.0,9.327749120859646e-06,1.0,1.0,湿巾,9.327749120859646e-06,1.0,1.0,否,否,2022-04-25~2022-05-09
禁销,1.0,9.327749120859646e-06,0.0,0.0,漏食球,9.327749120859646e-06,0.0,0.0,否,否,2022-04-25~2022-05-09
涉政,1.0,9.327749120859646e-06,0.0,0.0,现代装饰画,0.0007182366823061927,0.5844103896103895,0.44859740259740255,否,否,2022-04-25~2022-05-09
禁销,1.0,9.327749120859646e-06,0.0,0.0,激情用具,9.327749120859646e-06,0.0,0.0,否,否,2022-04-25~2022-05-09
禁销,1.0,9.327749120859646e-06,0.0,0.0,其他水具,9.327749120859646e-06,0.0,0.0,否,否,2022-04-25~2022-05-09
禁销,1.0,9.327749120859646e-06,0.0,0.0,理发器,9.327749120859646e-06,0.0,0.0,否,否,2022-04-25~2022-05-09
禁销,1.0,9.327749120859646e-06,0.0,0.0,电子玩具,9.327749120859646e-06,0.0,0.0,否,否,2022-04-25~2022-05-09
禁销,1.0,9.327749120859646e-06,0.0,0.0,CPU,9.327749120859646e-06,0.0,0.0,否,否,2022-04-25~2022-05-09
禁销,1.0,9.327749120859646e-06,0.0,0.0,女士跑步鞋,9.327749120859646e-06,0.0,0.0,否,否,2022-04-25~2022-05-09
禁销,1.0,9.327749120859646e-06,0.0,0.0,吸管,9.327749120859646e-06,0.0,0.0,否,否,2022-04-25~2022-05-09
禁销,1.0,9.327749120859646e-06,1.0,0.0909,女士睡衣/家居服连体裤,9.327749120859646e-06,1.0,0.0909,否,否,2022-04-25~2022-05-09
禁销,1.0,9.327749120859646e-06,0.0,0.0,吸管杯,9.327749120859646e-06,0.0,0.0,否,否,2022-04-25~2022-05-09
侵权,1.0,9.327749120859646e-06,0.0,0.0,休闲鞋,0.00010260524032945611,0.18181818181818182,0.028818181818181816,否,否,2022-04-25~2022-05-09
禁销,1.0,9.327749120859646e-06,1.0,0.1667,头枕,9.327749120859646e-06,1.0,0.1667,否,否,2022-04-25~2022-05-09
禁销,1.0,9.327749120859646e-06,1.0,0.125,发带,9.327749120859646e-06,1.0,0.125,否,否,2022-04-25~2022-05-09
禁销,1.0,9.327749120859646e-06,1.0,0.3333,口水巾,9.327749120859646e-06,1.0,0.3333,否,否,2022-04-25~2022-05-09
禁销,1.0,9.327749120859646e-06,0.0,0.0,口腔护理工具,9.327749120859646e-06,0.0,0.0,否,否,2022-04-25~2022-05-09
禁销,1.0,9.327749120859646e-06,0.0,0.0,吊袜带,9.327749120859646e-06,0.0,0.0,否,否,2022-04-25~2022-05-09
禁销,1.0,9.327749120859646e-06,0.0,0.0,电扇/风扇防尘罩,9.327749120859646e-06,0.0,0.0,否,否,2022-04-25~2022-05-09
禁销,1.0,9.327749120859646e-06,1.0,0.2,咖啡杯,9.327749120859646e-06,1.0,0.2,否,否,2022-04-25~2022-05-09
禁销,1.0,9.327749120859646e-06,0.0,0.0,创意零钱包,9.327749120859646e-06,0.0,0.0,否,否,2022-04-25~2022-05-09
禁销,1.0,9.327749120859646e-06,1.0,0.1111,围巾/丝巾/披肩,9.327749120859646e-06,1.0,0.1111,否,否,2022-04-25~2022-05-09
禁销,1.0,9.327749120859646e-06,0.0,0.0,圆领卫衣,9.327749120859646e-06,0.0,0.0,否,否,2022-04-25~2022-05-09
禁销,1.0,9.327749120859646e-06,1.0,0.5,垃圾桶,9.327749120859646e-06,1.0,0.5,否,否,2022-04-25~2022-05-09
禁销,1.0,9.327749120859646e-06,0.0,0.0,厚底凉鞋,9.327749120859646e-06,0.0,0.0,否,否,2022-04-25~2022-05-09
禁销,1.0,9.327749120859646e-06,1.0,0.25,家用牵引带,9.327749120859646e-06,1.0,0.25,否,否,2022-04-25~2022-05-09
禁销,1.0,9.327749120859646e-06,1.0,0.1429,女士塑身腰封/腰夹,9.327749120859646e-06,1.0,0.1429,否,否,2022-04-25~2022-05-09
禁销,1.0,9.327749120859646e-06,1.0,0.04,女士瑜伽裤,9.327749120859646e-06,1.0,0.04,否,否,2022-04-25~2022-05-09
禁销,1.0,9.327749120859646e-06,1.0,0.5,其他收纳篮,9.327749120859646e-06,1.0,0.5,否,否,2022-04-25~2022-05-09
禁销,1.0,9.327749120859646e-06,1.0,1.0,瘦身按摩贴,9.327749120859646e-06,1.0,1.0,否,否,2022-04-25~2022-05-09
涉政,1.0,9.327749120859646e-06,0.0,0.0,摆件,9.327749120859646e-05,0.59998,0.16616999999999998,否,否,2022-04-25~2022-05-09
涉政,1.0,9.327749120859646e-06,0.0,0.0,防晒袖套,2.798324736257894e-05,0.3333333333333333,0.11113333333333332,否,否,2022-04-25~2022-05-09
禁销,1.0,9.327749120859646e-06,1.0,1.0,其它文具,9.327749120859646e-06,1.0,1.0,否,否,2022-04-25~2022-05-09
禁销,1.0,9.327749120859646e-06,0.0,0.0,USB HUB/转换器,9.327749120859646e-06,0.0,0.0,否,否,2022-04-25~2022-05-09
禁销,1.0,9.327749120859646e-06,0.0,0.0,其它按摩器材,9.327749120859646e-06,0.0,0.0,否,否,2022-04-25~2022-05-09
禁销,1.0,9.327749120859646e-06,1.0,1.0,枕套,9.327749120859646e-06,1.0,1.0,否,否,2022-04-25~2022-05-09
禁销,1.0,9.327749120859646e-06,1.0,1.0,其它室外灯具灯饰,9.327749120859646e-06,1.0,1.0,否,否,2022-04-25~2022-05-09
禁销,1.0,9.327749120859646e-06,1.0,0.5,沐浴露,9.327749120859646e-06,1.0,0.5,否,否,2022-04-25~2022-05-09
禁销,1.0,9.327749120859646e-06,0.0,0.0,橱柜灯,9.327749120859646e-06,0.0,0.0,否,否,2022-04-25~2022-05-09
禁销,1.0,9.327749120859646e-06,0.0,0.0,其它园艺用品,2.798324736257894e-05,0.6666666666666666,0.03253333333333333,否,否,2022-04-25~2022-05-09
禁销,1.0,9.327749120859646e-06,0.0,0.0,智能手环,9.327749120859646e-06,0.0,0.0,否,否,2022-04-25~2022-05-09
禁销,1.0,9.327749120859646e-06,1.0,1.0,死皮剪/死皮叉,9.327749120859646e-06,1.0,1.0,否,否,2022-04-25~2022-05-09
禁销,1.0,9.327749120859646e-06,1.0,1.0,毛呢外套,9.327749120859646e-06,1.0,1.0,否,否,2022-04-25~2022-05-09
禁销,1.0,9.327749120859646e-06,1.0,0.5,毛绒布艺类玩具,9.327749120859646e-06,1.0,0.5,否,否,2022-04-25~2022-05-09
禁销,1.0,9.327749120859646e-06,1.0,1.0,Hifi音箱,9.327749120859646e-06,1.0,1.0,否,否,2022-04-25~2022-05-09
禁销,1.0,9.327749120859646e-06,1.0,1.0,水杯,9.327749120859646e-06,1.0,1.0,否,否,2022-04-25~2022-05-09
禁销,1.0,9.327749120859646e-06,1.0,0.2,汽车装饰贴,9.327749120859646e-06,1.0,0.2,否,否,2022-04-25~2022-05-09
禁销,1.0,9.327749120859646e-06,0.0,0.0,沐浴按摩用品,9.327749120859646e-06,0.0,0.0,否,否,2022-04-25~2022-05-09
禁销,1.0,9.327749120859646e-06,0.0,0.0,智能手表手环表带/腕带,9.327749120859646e-06,0.0,0.0,否,否,2022-04-25~2022-05-09
禁销,1.0,9.327749120859646e-06,1.0,1.0,景观庭院灯饰,9.327749120859646e-06,1.0,1.0,否,否,2022-04-25~2022-05-09
禁销,1.0,9.327749120859646e-06,1.0,0.125,其他美甲工具,9.327749120859646e-06,1.0,0.125,否,否,2022-04-25~2022-05-09
禁销,1.0,9.327749120859646e-06,0.0,0.0,男运动t恤,9.327749120859646e-06,0.0,0.0,否,否,2022-04-25~2022-05-09
禁销,1.0,9.327749120859646e-06,1.0,0.5,男士塑身美体裤,9.327749120859646e-06,1.0,0.5,否,否,2022-04-25~2022-05-09
禁销,1.0,9.327749120859646e-06,0.0,0.0,男士背心,9.327749120859646e-06,0.0,0.0,否,否,2022-04-25~2022-05-09
禁销,1.0,9.327749120859646e-06,0.0,0.0,男士足球服,9.327749120859646e-06,0.0,0.0,否,否,2022-04-25~2022-05-09
禁销,1.0,9.327749120859646e-06,0.0,0.0,男士身体乳,9.327749120859646e-06,0.0,0.0,否,否,2022-04-25~2022-05-09
禁销,1.0,9.327749120859646e-06,1.0,1.0,其他充气产品,9.327749120859646e-06,1.0,1.0,否,否,2022-04-25~2022-05-09
禁销,1.0,9.327749120859646e-06,1.0,1.0,男士骑行服,9.327749120859646e-06,1.0,1.0,否,否,2022-04-25~2022-05-09
禁销,1.0,9.327749120859646e-06,0.0,0.0,男装背心,9.327749120859646e-06,0.0,0.0,否,否,2022-04-25~2022-05-09
禁销,1.0,9.327749120859646e-06,0.0,0.0,男运动套装,9.327749120859646e-06,0.0,0.0,否,否,2022-04-25~2022-05-09
禁销,1.0,9.327749120859646e-06,0.0,0.0,其它烘焙器具,9.327749120859646e-06,0.0,0.0,否,否,2022-04-25~2022-05-09
禁销,1.0,9.327749120859646e-06,0.0,0.0,帽子,9.327749120859646e-06,0.0,0.0,否,否,2022-04-25~2022-05-09
禁销,1.0,9.327749120859646e-06,0.0,0.0,消毒灯/杀菌灯,9.327749120859646e-06,0.0,0.0,否,否,2022-04-25~2022-05-09
禁销,1.0,9.327749120859646e-06,1.0,0.2,沙发套,9.327749120859646e-06,1.0,0.2,否,否,2022-04-25~2022-05-09
禁销,1.0,9.327749120859646e-06,0.0,0.0,无模特套装,9.327749120859646e-06,0.0,0.0,否,否,2022-04-25~2022-05-09
禁销,1.0,9.327749120859646e-06,1.0,1.0,桌布,9.327749120859646e-06,1.0,1.0,否,否,2022-04-25~2022-05-09
禁销,1.0,9.327749120859646e-06,1.0,1.0,其它电脑周边,9.327749120859646e-06,1.0,1.0,否,否,2022-04-25~2022-05-09
禁销,1.0,9.327749120859646e-06,0.0,0.0,其它烧烤用品,9.327749120859646e-06,0.0,0.0,否,否,2022-04-25~2022-05-09
禁销,1.0,9.327749120859646e-06,1.0,0.0357,宽沿帽/太阳帽,9.327749120859646e-06,1.0,0.0357,否,否,2022-04-25~2022-05-09
禁销,1.0,9.327749120859646e-06,0.0,0.0,手机充电器,9.327749120859646e-06,0.0,0.0,否,否,2022-04-25~2022-05-09
禁销,1.0,9.327749120859646e-06,0.0,0.0,搅拌棒,9.327749120859646e-06,0.0,0.0,否,否,2022-04-25~2022-05-09
禁销,1.0,9.327749120859646e-06,0.0,0.0,乐福鞋/单鞋,9.327749120859646e-06,0.0,0.0,否,否,2022-04-25~2022-05-09
违禁,1.0,9.327749120859646e-06,0.0,0.0,海贼王手办专区,9.327749120859646e-06,0.0,0.0,否,否,2022-04-25~2022-05-09
禁销,1.0,9.327749120859646e-06,1.0,0.0556,脚链,9.327749120859646e-06,1.0,0.0556,否,否,2022-04-25~2022-05-09
禁销,1.0,9.327749120859646e-06,1.0,0.5,马尾,9.327749120859646e-06,1.0,0.5,否,否,2022-04-25~2022-05-09
禁销,1.0,9.327749120859646e-06,0.0,0.0,美甲饰品,9.327749120859646e-06,0.0,0.0,否,否,2022-04-25~2022-05-09
禁销,1.0,9.327749120859646e-06,0.0,0.0,迷你风扇,9.327749120859646e-06,0.0,0.0,否,否,2022-04-25~2022-05-09
禁销,1.0,9.327749120859646e-06,1.0,1.0,野餐垫,9.327749120859646e-06,1.0,1.0,否,否,2022-04-25~2022-05-09
禁销,1.0,9.327749120859646e-06,0.0,0.0,野餐篮/鸡蛋蓝/食品袋,9.327749120859646e-06,0.0,0.0,否,否,2022-04-25~2022-05-09
禁销,1.0,9.327749120859646e-06,1.0,0.0357,运动文胸,9.327749120859646e-06,1.0,0.0357,否,否,2022-04-25~2022-05-09
违禁,1.0,9.327749120859646e-06,0.0,0.0,项坠/吊坠,6.529424384601752e-05,0.5714571428571429,0.17142857142857146,否,否,2022-04-25~2022-05-09
禁销,1.0,9.327749120859646e-06,0.0,0.0,车载手机座,9.327749120859646e-06,0.0,0.0,否,否,2022-04-25~2022-05-09
禁销,1.0,9.327749120859646e-06,0.0,0.0,门挡,9.327749120859646e-06,0.0,0.0,否,否,2022-04-25~2022-05-09
禁销,1.0,9.327749120859646e-06,0.0,0.0,乳头矫正,9.327749120859646e-06,0.0,0.0,否,否,2022-04-25~2022-05-09
禁销,1.0,9.327749120859646e-06,1.0,1.0,身体皂,9.327749120859646e-06,1.0,1.0,否,否,2022-04-25~2022-05-09
禁销,1.0,9.327749120859646e-06,0.0,0.0,阿拉伯女装,9.327749120859646e-06,0.0,0.0,否,否,2022-04-25~2022-05-09
禁销,1.0,9.327749120859646e-06,1.0,0.3333,足贴,9.327749120859646e-06,1.0,0.3333,否,否,2022-04-25~2022-05-09
禁销,1.0,9.327749120859646e-06,0.0,0.0,面部精华,9.327749120859646e-06,0.0,0.0,否,否,2022-04-25~2022-05-09
禁销,1.0,9.327749120859646e-06,1.0,0.5,皮短裤,9.327749120859646e-06,1.0,0.5,否,否,2022-04-25~2022-05-09
禁销,1.0,9.327749120859646e-06,0.0,0.0,皮裤,9.327749120859646e-06,0.0,0.0,否,否,2022-04-25~2022-05-09
禁销,1.0,9.327749120859646e-06,1.0,1.0,乳贴,9.327749120859646e-06,1.0,1.0,否,否,2022-04-25~2022-05-09
禁销,1.0,9.327749120859646e-06,0.0,0.0,中袖T恤,9.327749120859646e-06,0.0,0.0,否,否,2022-04-25~2022-05-09
违禁,1.0,9.327749120859646e-06,1.0,0.2,刀/叉/勺/筷套装,9.327749120859646e-06,1.0,0.2,否,否,2022-04-25~2022-05-09
禁销,1.0,9.327749120859646e-06,0.0,0.0,保温杯,9.327749120859646e-06,0.0,0.0,否,否,2022-04-25~2022-05-09
禁销,1.0,9.327749120859646e-06,0.0,0.0,鱼缸清洁用具,9.327749120859646e-06,0.0,0.0,否,否,2022-04-25~2022-05-09
禁销,1.0,9.327749120859646e-06,0.0,0.0,空气净化/氧吧,9.327749120859646e-06,0.0,0.0,否,否,2022-04-25~2022-05-09
禁销,1.0,9.327749120859646e-06,0.0,0.0,仿真娃娃,9.327749120859646e-06,0.0,0.0,否,否,2022-04-25~2022-05-09
违禁,1.0,9.327749120859646e-06,0.0,0.0,DIY模具,2.798324736257894e-05,0.0,0.0,否,否,2022-04-25~2022-05-09
禁销,1.0,9.327749120859646e-06,1.0,1.0,三明治机,9.327749120859646e-06,1.0,1.0,否,否,2022-04-25~2022-05-09
违禁,1.0,9.327749120859646e-06,0.0,0.0,手链,0.00021453822977977183,0.7826260869565218,0.13993913043478262,否,否,2022-04-25~2022-05-09
违禁,1.0,9.327749120859646e-06,1.0,0.1667,野餐包/户外餐具套装,2.798324736257894e-05,0.6666666666666666,0.38889999999999997,否,否,2022-04-25~2022-05-09
侵权,1.0,9.327749120859646e-06,0.0,0.0,连衣裙,4.663874560429823e-05,0.2,0.03336,否,否,2022-04-25~2022-05-09
禁销,1.0,9.327749120859646e-06,0.0,0.0,短裤（非牛仔）,9.327749120859646e-06,0.0,0.0,否,否,2022-04-25~2022-05-09
侵权,1.0,9.327749120859646e-06,0.0,0.0,门把手套,9.327749120859646e-06,0.0,0.0,否,否,2022-04-25~2022-05-09
违禁,1.0,9.327749120859646e-06,0.0,0.0,短袖T恤,0.002024121559226543,0.5022589861751152,0.31153271889400924,否,否,2022-04-25~2022-05-09
违禁,1.0,9.327749120859646e-06,1.0,1.0,美工刀,9.327749120859646e-06,1.0,1.0,否,否,2022-04-25~2022-05-09
违禁,1.0,9.327749120859646e-06,1.0,1.0,车用钥匙扣,9.327749120859646e-06,1.0,1.0,否,否,2022-04-25~2022-05-09
禁销,1.0,9.327749120859646e-06,1.0,1.0,盲盒,9.327749120859646e-06,1.0,1.0,否,否,2022-04-25~2022-05-09
禁销,1.0,9.327749120859646e-06,0.0,0.0,不干胶标签,9.327749120859646e-06,0.0,0.0,否,否,2022-04-25~2022-05-09
侵权,1.0,9.327749120859646e-06,0.0,0.0,笔记本个性小贴纸,4.663874560429823e-05,0.4,0.53336,否,否,2022-04-25~2022-05-09
禁销,1.0,9.327749120859646e-06,1.0,1.0,排梳,9.327749120859646e-06,1.0,1.0,否,否,2022-04-25~2022-05-09
禁销,1.0,9.327749120859646e-06,0.0,0.0,帆布鞋,9.327749120859646e-06,0.0,0.0,否,否,2022-04-25~2022-05-09
禁销,1.0,9.327749120859646e-06,0.0,0.0,床笠,9.327749120859646e-06,0.0,0.0,否,否,2022-04-25~2022-05-09
禁销,1.0,9.327749120859646e-06,0.0,0.0,其它首饰,9.327749120859646e-06,0.0,0.0,否,否,2022-04-25~2022-05-09
禁销,1.0,9.327749120859646e-06,1.0,1.0,情趣文胸,9.327749120859646e-06,1.0,1.0,否,否,2022-04-25~2022-05-09
禁销,1.0,9.327749120859646e-06,1.0,1.0,户外床/折叠床,9.327749120859646e-06,1.0,1.0,否,否,2022-04-25~2022-05-09
禁销,1.0,9.327749120859646e-06,0.0,0.0,户外面罩,9.327749120859646e-06,0.0,0.0,否,否,2022-04-25~2022-05-09
禁销,1.0,9.327749120859646e-06,0.0,0.0,手提秤/挂秤,9.327749120859646e-06,0.0,0.0,否,否,2022-04-25~2022-05-09
禁销,1.0,9.327749120859646e-06,1.0,0.3333,其它胸部护理,9.327749120859646e-06,1.0,0.3333,否,否,2022-04-25~2022-05-09
禁销,1.0,9.327749120859646e-06,1.0,0.05,手镯,9.327749120859646e-06,1.0,0.05,否,否,2022-04-25~2022-05-09
禁销,1.0,9.327749120859646e-06,0.0,0.0,平板电脑/MID,9.327749120859646e-06,0.0,0.0,否,否,2022-04-25~2022-05-09
禁销,1.0,9.327749120859646e-06,1.0,0.0278,打底裤,9.327749120859646e-06,1.0,0.0278,否,否,2022-04-25~2022-05-09
禁销,1.0,9.327749120859646e-06,0.0,0.0,扭腰器,9.327749120859646e-06,0.0,0.0,否,否,2022-04-25~2022-05-09
禁销,1.0,9.327749120859646e-06,1.0,1.0,抱婴腰带/腰凳,9.327749120859646e-06,1.0,1.0,否,否,2022-04-25~2022-05-09
禁销,1.0,9.327749120859646e-06,0.0,0.0,抱枕/靠垫,9.327749120859646e-06,0.0,0.0,否,否,2022-04-25~2022-05-09
禁销,1.0,9.327749120859646e-06,0.0,0.0,其它美容/美体工具,9.327749120859646e-06,0.0,0.0,否,否,2022-04-25~2022-05-09
禁销,1.0,9.327749120859646e-06,1.0,0.5,拔罐器,9.327749120859646e-06,1.0,0.5,否,否,2022-04-25~2022-05-09
禁销,1.0,9.327749120859646e-06,1.0,0.5,其它美体瘦身,9.327749120859646e-06,1.0,0.5,否,否,2022-04-25~2022-05-09
禁销,1.0,9.327749120859646e-06,0.0,0.0,其它驾车个人用品,9.327749120859646e-06,0.0,0.0,否,否,2022-04-25~2022-05-09
禁销,1.0,9.327749120859646e-06,0.0,0.0,平底凉鞋,9.327749120859646e-06,0.0,0.0,否,否,2022-04-25~2022-05-09
禁销,1.0,9.327749120859646e-06,1.0,0.25,装饰台灯,9.327749120859646e-06,1.0,0.25,否,否,2022-04-25~2022-05-09
禁销,1.0,9.327749120859646e-06,1.0,0.25,脱毛仪/电动脱毛器,9.327749120859646e-06,1.0,0.25,否,否,2022-04-25~2022-05-09
禁销,1.0,9.327749120859646e-06,0.0,0.0,三星手机保护壳/套,9.327749120859646e-06,0.0,0.0,否,否,2022-04-25~2022-05-09
侵权,1.0,9.327749120859646e-06,0.0,0.0,皮带/腰带,1.8655498241719292e-05,0.0,0.0,否,否,2022-04-25~2022-05-09
禁销,1.0,9.327749120859646e-06,1.0,0.5,领带夹,9.327749120859646e-06,1.0,0.5,否,否,2022-04-25~2022-05-09
禁销,1.0,9.327749120859646e-06,0.0,0.0,亚洲模特套装,9.327749120859646e-06,0.0,0.0,否,否,2022-04-25~2022-05-09
禁销,1.0,9.327749120859646e-06,1.0,1.0,腿部防护用品,9.327749120859646e-06,1.0,1.0,否,否,2022-04-25~2022-05-09
禁销,1.0,9.327749120859646e-06,1.0,0.3333,餐具瓷器套装,9.327749120859646e-06,1.0,0.3333,否,否,2022-04-25~2022-05-09
禁销,1.0,9.327749120859646e-06,0.0,0.0,腮红/胭脂,9.327749120859646e-06,0.0,0.0,否,否,2022-04-25~2022-05-09
禁销,1.0,9.327749120859646e-06,1.0,1.0,餐桌罩,9.327749120859646e-06,1.0,1.0,否,否,2022-04-25~2022-05-09
禁销,1.0,9.327749120859646e-06,0.0,0.0,手机支架/手机座,9.327749120859646e-06,0.0,0.0,否,否,2022-04-25~2022-05-09
禁销,1.0,9.327749120859646e-06,1.0,1.0,首饰展示架,9.327749120859646e-06,1.0,1.0,否,否,2022-04-25~2022-05-09
禁销,1.0,9.327749120859646e-06,1.0,0.3333,首饰盒,9.327749120859646e-06,1.0,0.3333,否,否,2022-04-25~2022-05-09
侵权,1.0,9.327749120859646e-06,0.0,0.0,夹克/外套,5.596649472515787e-05,0.5,0.19233333333333336,否,否,2022-04-25~2022-05-09
禁销,1.0,9.327749120859646e-06,0.0,0.0,马克笔,9.327749120859646e-06,0.0,0.0,否,否,2022-04-25~2022-05-09
禁销,1.0,9.327749120859646e-06,0.0,0.0,皮带/腰带,1.8655498241719292e-05,0.0,0.0,否,否,2022-04-25~2022-05-09
禁销,1.0,9.327749120859646e-06,0.0,0.0,厨卫龙头配件,9.327749120859646e-06,0.0,0.0,否,否,2022-04-25~2022-05-09
禁销,1.0,9.327749120859646e-06,1.0,1.0,百洁布,9.327749120859646e-06,1.0,1.0,否,否,2022-04-25~2022-05-09
禁销,1.0,9.327749120859646e-06,0.0,0.0,服饰配件,9.327749120859646e-06,0.0,0.0,否,否,2022-04-25~2022-05-09
